1,odit itaque accusamus,Aut assumenda ab.,2022,R18+,120,optio,et,enim,PE,
2,provident perspiciatis porro,Quaerat sunt necessitatibus officia neque asperiores praesentium accusantium quaerat similique.,2023,M,108,doloribus,corrupti,nihil,AR,
3,amet blanditiis non,Aliquid laboriosam dignissimos quam fugiat beatae autem eligendi veniam.,2023,R,87,eum,consequuntur,reiciendis,IS,
4,optio adipisci nulla,Laborum explicabo neque at.,2023,TV-MA,140,tempore,repellendus,at,JE,
5,modi maxime fugit,Ipsum et iure velit perspiciatis in veniam.,2023,E10+,65,ullam,tempore,ipsum,AU,
6,totam et nulla,Corporis tenetur earum asperiores fugiat dicta deleniti.,2022,9,86,dicta,odit,temporibus,PE,3
7,cupiditate voluptatibus ipsam,Eaque similique totam aliquam dolore corporis.,2023,CA,125,quaerat,quis,laboriosam,BE,3
8,non sequi molestiae,Tenetur beatae praesentium natus facilis nostrum vitae vero libero.,2022,TV-G,148,nemo,deleniti,quisquam,DE,7
9,corporis vel in,Odit ad ipsam.,2022,R16,150,at,officiis,quod,PF,
10,voluptatibus odit molestiae,Quia ad omnis nisi.,2023,GP,71,in,occaecati,modi,IS,2
11,debitis assumenda voluptatem,Similique tempora impedit quasi aspernatur deserunt.,2023,R16,178,facilis,quidem,quam,BR,
12,consequatur maxime nulla,Excepturi molestiae dicta eaque tempore deserunt quis.,2023,MA15+,87,optio,omnis,minus,CA,3
13,et optio aut,Pariatur voluptates laborum voluptates ut provident.,2023,M/PG,146,autem,veniam,in,RO,
14,alias voluptates nemo,Provident delectus autem praesentium nam aliquam perspiciatis iusto officiis eius.,2023,CA,95,deleniti,veniam,perferendis,US,
15,similique nesciunt quae,Ut debitis similique.,2022,CA,121,aliquam,tempora,animi,AT,1
16,veritatis delectus necessitatibus,Nisi aliquam ullam ab accusantium vel nisi.,2023,9,97,praesentium,doloremque,cum,LI,
17,nemo sit voluptate,Maxime vitae odio vitae similique doloremque rerum.,2023,S,170,labore,at,quam,NZ,
18,suscipit magnam illo,Explicabo ipsa quae voluptates consequuntur tempore pariatur ab est nisi.,2023,12,80,eum,illum,vel,IR,
19,debitis accusamus aliquid,Explicabo consequatur dolorem veritatis occaecati natus illo numquam facere nisi.,2022,E,157,qui,cupiditate,optio,UA,0
20,unde possimus assumenda,Quam alias consequatur perspiciatis itaque quibusdam hic est esse.,2022,C,62,in,ullam,aut,SR,6
21,quasi nam hic,Aliquid iure ad.,2023,G,92,cumque,totam,est,SY,4
22,quo repellat vero,Consequatur autem neque rem expedita repudiandae incidunt officiis.,2023,12,96,quibusdam,doloremque,nobis,TV,
23,exercitationem officia molestiae,Corrupti vel ex quod.,2023,PG,118,iure,officia,odit,CN,
24,eligendi ullam nemo,Sequi placeat quidem qui ducimus reprehenderit earum voluptas voluptates sapiente.,2023,S,77,corrupti,laboriosam,eaque,FO,
25,deserunt nesciunt et,Excepturi eum autem repellat.,2022,TV-Y7,105,error,rerum,itaque,BZ,10
26,ipsa harum quisquam,Iusto sequi consequatur eos dicta sequi rerum velit asperiores.,2023,15,160,iusto,voluptate,porro,CG,
27,ullam quas adipisci,Eligendi quisquam optio.,2023,EC,174,blanditiis,minima,sint,KY,
28,officiis soluta beatae,Quas libero repellendus cum et nesciunt.,2022,C,65,ad,et,voluptatibus,GL,10
29,odit vel iste,Consequatur doloremque veniam.,2023,12A,61,enim,vitae,dolore,ME,
30,consequatur placeat ipsam,Facere odio voluptatibus.,2023,E10+,125,error,perferendis,ea,ST,7
31,ut ipsam accusantium,Temporibus similique quibusdam iure molestias ea aperiam qui possimus.,2023,R21,123,sint,praesentium,perspiciatis,GY,
32,autem itaque dolore,Reiciendis eos unde tempora magnam quasi illo repellat odit quis.,2023,C,161,blanditiis,aut,commodi,TK,
33,aspernatur reprehenderit dolorem,Ut blanditiis quam eaque delectus.,2023,A,152,numquam,quam,odit,BI,
34,blanditiis suscipit nihil,Doloribus at adipisci ad.,2022,TV-G,75,mollitia,reiciendis,in,SD,
35,eveniet impedit reiciendis,Laborum soluta natus.,2023,CA,135,voluptatum,repellendus,veniam,VA,7
36,dolores ab repellat,Cumque vero saepe nesciunt eveniet molestias quae nam.,2022,TV-MA,115,laudantium,perspiciatis,dolor,AW,
37,odio in facilis,Iste est dignissimos ratione ut natus doloremque vel.,2022,E,64,provident,unde,laboriosam,SS,10
38,illo omnis aliquam,Velit consequatur magni.,2023,U,118,asperiores,soluta,perferendis,CW,10
39,maxime voluptatum est,Error officiis excepturi voluptatibus voluptates est at.,2023,6,97,enim,harum,sit,UA,1
40,tempora molestiae quae,Quasi id vel.,2023,E10+,71,enim,quasi,modi,LC,
41,atque ab quis,Perspiciatis labore eaque quisquam.,2022,R16,141,iure,illo,magnam,YT,5
42,quia nobis doloribus,Velit ratione reprehenderit laborum ex unde inventore.,2023,X18,96,enim,tempora,a,BI,
43,dolorem animi sed,Fugit ratione excepturi reprehenderit saepe illo eaque consequatur.,2022,9,78,pariatur,in,facilis,RU,
44,at libero error,Atque atque at aliquam atque architecto sequi reprehenderit.,2023,R18,161,eum,pariatur,dolor,AX,6
45,ratione dignissimos consequatur,Distinctio possimus nobis tempore quo dolore eveniet.,2022,A,103,consectetur,fugiat,repellendus,SB,10
46,architecto a ex,Dignissimos sit porro fugit eos nemo repellat quidem veniam.,2023,S,151,officiis,unde,ducimus,EE,
47,magni nobis illo,Praesentium omnis labore molestias suscipit ea animi facere recusandae pariatur.,2023,CA,72,ducimus,beatae,cumque,GM,0
48,perspiciatis rerum voluptate,Ipsum aperiam maiores.,2022,R,136,tenetur,vitae,modi,NL,
49,blanditiis reiciendis quidem,Vitae consectetur blanditiis officia delectus.,2023,9,87,cumque,reprehenderit,atque,PK,6
50,beatae ratione optio,Mollitia exercitationem iusto aspernatur.,2023,S,87,iusto,at,earum,LY,10
51,reiciendis beatae quod,Vitae amet qui.,2023,15,176,deleniti,iusto,at,FJ,7
52,atque iure non,Sint officia illo.,2022,9,137,assumenda,perspiciatis,tempore,TN,
53,ut earum veritatis,Ea sequi perferendis impedit dolores in recusandae est earum.,2023,EC,143,eius,expedita,esse,MF,9
54,sed debitis veniam,Deserunt accusamus aliquam.,2023,E,73,voluptate,ipsam,expedita,EG,4
55,a accusantium inventore,In nesciunt id eum voluptatum voluptatum amet fugiat.,2023,MA15+,158,adipisci,possimus,officiis,LK,
56,fugit quasi officiis,Illum aperiam laboriosam laudantium.,2023,M/PG,165,nesciunt,explicabo,quae,PG,
57,tempore repudiandae unde,Qui earum recusandae.,2023,M,126,adipisci,fugiat,sequi,FJ,0
58,assumenda adipisci sit,Iste nam hic dolorem dolorem laboriosam laboriosam nostrum.,2023,12,167,aspernatur,exercitationem,dicta,GD,4
59,tempore perspiciatis sint,Excepturi nostrum vero debitis pariatur quo facere debitis maxime ut.,2023,18R,112,saepe,quas,architecto,RW,
60,deserunt adipisci corporis,Minima vero maiores dolore rerum vel nemo ratione rerum.,2023,MA15+,179,illum,ipsa,voluptates,MP,10
61,quis ex eveniet,Accusantium asperiores quisquam earum atque illum animi.,2022,12,115,eos,quaerat,error,PG,10
62,perferendis voluptas animi,Magnam officia molestiae temporibus tenetur vero quasi.,2022,EC,85,laboriosam,enim,magni,SG,
63,iusto voluptates repellat,Magnam sunt quos.,2023,15,61,illo,iure,magni,HU,
64,quasi veritatis quaerat,Deserunt cupiditate eos.,2023,TV-G,108,excepturi,voluptas,sint,RO,
65,ab ut saepe,Nisi molestias ex ut sapiente eius eum dolore quasi deserunt.,2023,18R,179,maxime,ut,veritatis,MM,4
66,recusandae numquam magni,Dignissimos a sed.,2022,PG,91,nihil,officia,odit,OM,2
67,in harum mollitia,Quas modi perferendis inventore.,2023,M,169,natus,quos,laudantium,NU,
68,tenetur quos repellendus,Sed placeat eos explicabo iure.,2023,C,158,autem,non,ut,TD,4
69,et maxime hic,Natus qui quis fugit eum.,2023,15,165,assumenda,dignissimos,occaecati,GY,
70,rem eligendi quasi,Nostrum fugit itaque dicta reiciendis eligendi.,2023,TV-Y7,111,ratione,explicabo,culpa,JP,6
71,accusantium cumque aliquam,Eveniet aliquid quo eligendi suscipit.,2023,R18,154,aperiam,quaerat,deleniti,LI,
72,quisquam aut fugit,Porro debitis totam exercitationem possimus tenetur.,2022,TV-PG,119,alias,similique,eum,DZ,1
73,eaque architecto amet,Sapiente illum sunt placeat nostrum nisi.,2023,E,150,quos,nam,harum,LT,
74,id voluptatibus asperiores,Nisi veritatis suscipit beatae adipisci omnis perspiciatis fuga sapiente libero.,2022,GP,75,distinctio,recusandae,numquam,JP,0
75,molestiae tempore suscipit,Iste amet praesentium nesciunt culpa beatae sit.,2023,TV-PG,93,sed,sint,iure,KN,6
76,eligendi aliquid aut,Nemo assumenda dolorem doloribus labore aliquam dicta commodi alias ea.,2022,EC,175,porro,quidem,error,VE,0
77,aperiam optio quis,Aut eos dolorem placeat autem odio consectetur recusandae natus.,2023,MA15+,86,accusantium,dolorem,neque,BV,
78,quos recusandae amet,Voluptatibus harum debitis earum molestias officia corporis.,2022,S,78,et,consequuntur,placeat,CA,3
79,necessitatibus officia illum,Eum placeat esse.,2022,12A,134,sequi,commodi,possimus,DZ,
80,perferendis inventore maxime,Eligendi odio veniam inventore vitae recusandae reiciendis excepturi.,2023,TV-G,75,cum,veniam,mollitia,TF,5
81,possimus deleniti labore,Asperiores recusandae quis excepturi consequatur blanditiis voluptas ratione tenetur.,2022,9,87,fugit,eligendi,non,ER,
82,dolore facilis itaque,Fuga incidunt delectus eum voluptate nihil exercitationem ad.,2023,PG-13,168,optio,quas,qui,PS,
83,aspernatur nulla earum,Dicta numquam repellat quod doloribus architecto voluptatibus.,2023,TV-MA,106,repudiandae,corporis,cum,UA,10
84,error impedit excepturi,Odit necessitatibus sequi doloremque dolore delectus sed animi necessitatibus.,2023,TV-Y,142,quae,quisquam,numquam,UA,4
85,eius vel perferendis,Voluptatem voluptas adipisci.,2023,TV-Y7,140,vitae,vel,unde,BM,9
86,excepturi reiciendis perspiciatis,Quia omnis expedita reiciendis dolores eum sunt quis.,2023,PG,135,excepturi,dolorem,quibusdam,SB,
87,molestias officia earum,Corrupti iusto quis quod fugiat laborum.,2023,S,92,explicabo,quidem,nihil,SM,4
88,eligendi molestiae adipisci,Laudantium eum sed quis nisi quis ab magni.,2022,PG-13,171,nesciunt,minima,aliquid,BI,7
89,nostrum consequuntur ducimus,Sequi blanditiis id perspiciatis.,2023,12,121,expedita,quia,quam,FM,
90,aut quos earum,Est nihil ipsa officia.,2023,15,172,culpa,ab,harum,CV,
91,id voluptatum incidunt,Architecto necessitatibus qui soluta cupiditate.,2023,S,163,consequuntur,voluptas,repellat,GB,
92,est ad fugit,Ea ea dolor.,2023,GP,91,porro,sint,aliquid,SC,
93,molestiae accusantium commodi,Veritatis nulla expedita eveniet totam ab illo repellat.,2023,PG,124,voluptates,debitis,doloribus,SN,
94,consequuntur pariatur suscipit,Libero sapiente ut consectetur.,2022,R21,160,vitae,debitis,officiis,SE,
95,tenetur provident ut,Nostrum laborum vero nihil.,2022,12A,142,suscipit,maxime,sequi,HN,4
96,sint quos optio,Sequi architecto minima quae nulla ut saepe.,2022,12A,155,accusamus,natus,recusandae,KG,9
97,magni consequuntur reiciendis,Voluptate facere neque quas sint.,2023,A,110,consequuntur,error,rem,CF,
98,id numquam dolorem,A maxime aliquid id sint dicta non id.,2023,R,118,ab,temporibus,reprehenderit,GW,
99,voluptatum impedit assumenda,Animi vero maxime perferendis molestiae minus fugit dignissimos explicabo.,2023,R18,146,iure,nesciunt,assumenda,GE,
100,mollitia enim vero,Perspiciatis quaerat possimus vero ea.,2023,TV-G,80,iste,et,illum,CU,